{
  "cookies": [
    {
      "name": "Geo",
      "value": "Continent: AS Country: IN State: TG City: HYDERABAD",
      "domain": "static.lightning.force.com",
      "path": "/ap24/aurafile/%7B%22mode%22%3A%22PROD%22%2C%22app%22%3A%22one%3Aone%22%2C%22ls%22%3A1%2C%22lrmc%22%3A%22-386269907%22%7D/9E0fOoQ9UGNZR6q0xHQSkA",
      "expires": -1,
      "httpOnly": false,
      "secure": false,
      "sameSite": "Lax"
    },
    {
      "name": "Geo",
      "value": "Continent: AS Country: IN State: TG City: HYDERABAD",
      "domain": "static.lightning.force.com",
      "path": "/ap24/aurafile/%7B%22mode%22%3A%22PROD%22%2C%22app%22%3A%22one%3Aone%22%2C%22ls%22%3A1%2C%22lrmc%22%3A%22-386269907%22%7D/heyFaYUyEm7XD5QMVmvOIg",
      "expires": -1,
      "httpOnly": false,
      "secure": false,
      "sameSite": "Lax"
    },
    {
      "name": "Geo",
      "value": "Continent: AS Country: IN State: TG City: HYDERABAD",
      "domain": "static.lightning.force.com",
      "path": "/ap24/aurafile/%7B%22mode%22%3A%22PROD%22%2C%22app%22%3A%22one%3Aone%22%2C%22ls%22%3A1%2C%22lrmc%22%3A%22-386269907%22%7D/D_UCqru5vDXtH3Pb6zmx9Q",
      "expires": -1,
      "httpOnly": false,
      "secure": false,
      "sameSite": "Lax"
    },
    {
      "name": "Geo",
      "value": "Continent: AS Country: IN State: TG City: HYDERABAD",
      "domain": "static.lightning.force.com",
      "path": "/ap24/aurafile/%7B%22mode%22%3A%22PROD%22%2C%22app%22%3A%22one%3Aone%22%2C%22ls%22%3A1%2C%22lrmc%22%3A%22-386269907%22%7D/dP_sn8EjBsWDnX0H7iL1DA",
      "expires": -1,
      "httpOnly": false,
      "secure": false,
      "sameSite": "Lax"
    },
    {
      "name": "Geo",
      "value": "Continent: AS Country: IN State: TG City: HYDERABAD",
      "domain": "static.lightning.force.com",
      "path": "/ap24/auraFW/javascript/MDM0c01pMVUtd244bVVLc2VRYzQ2UWRkdk8xRWxIam5GeGw0LU1mRHRYQ3cyNDYuMTUuNS0zLjAuNA",
      "expires": -1,
      "httpOnly": false,
      "secure": false,
      "sameSite": "Lax"
    },
    {
      "name": "CookieConsentPolicy",
      "value": "0:0",
      "domain": "login.salesforce.com",
      "path": "/",
      "expires": 1733171514.400385,
      "httpOnly": false,
      "secure": false,
      "sameSite": "Lax"
    },
    {
      "name": "LSKey-c$CookieConsentPolicy",
      "value": "0:0",
      "domain": "login.salesforce.com",
      "path": "/",
      "expires": 1733171514.401358,
      "httpOnly": false,
      "secure": false,
      "sameSite": "Lax"
    },
    {
      "name": "BrowserId",
      "value": "_zQzdpIaEe61QSuVJDb0Kg",
      "domain": ".salesforce.com",
      "path": "/",
      "expires": 1733171514.401885,
      "httpOnly": false,
      "secure": false,
      "sameSite": "Lax"
    },
    {
      "name": "BrowserId_sec",
      "value": "_zQzdpIaEe61QSuVJDb0Kg",
      "domain": ".salesforce.com",
      "path": "/",
      "expires": 1733171514.401948,
      "httpOnly": false,
      "secure": true,
      "sameSite": "None"
    },
    {
      "name": "session",
      "value": "1701635515400",
      "domain": "login.salesforce.com",
      "path": "/",
      "expires": -1,
      "httpOnly": false,
      "secure": true,
      "sameSite": "None"
    },
    {
      "name": "webact",
      "value": "%7B%22l_vdays%22%3A-1%2C%22l_visit%22%3A0%2C%22session%22%3A1701635515527%2C%22l_search%22%3A%22%22%2C%22l_dtype%22%3A%22%22%2C%22l_page%22%3A%22SFDC%3Aus%3Alogin%22%2C%22l_page_url%22%3A%22https%3A%2F%2Fc.salesforce.com%2Flogin-messages%2Fpromos.html%22%2C%22counter%22%3A0%2C%22pv%22%3A1%2C%22f_visit%22%3A1701635515527%2C%22seg%22%3A%22non-customer%3Aus%22%7D",
      "domain": ".salesforce.com",
      "path": "/",
      "expires": 1733171514,
      "httpOnly": false,
      "secure": true,
      "sameSite": "Lax"
    },
    {
      "name": "sfdcConsent",
      "value": "1,3,2,4",
      "domain": ".salesforce.com",
      "path": "/",
      "expires": 1733257915,
      "httpOnly": false,
      "secure": false,
      "sameSite": "Lax"
    },
    {
      "name": "OptanonConsent",
      "value": "isGpcEnabled=0&datestamp=Mon+Dec+04+2023+02%3A01%3A55+GMT%2B0530+(India+Standard+Time)&version=202306.1.0&browserGpcFlag=0&isIABGlobal=false&hosts=&consentId=b203e4d5-6859-43a0-98f9-1db8cebfbe69&interactionCount=0&landingPath=https%3A%2F%2Fc.salesforce.com%2Flogin-messages%2Fpromos.html&groups=1%3A1%2C3%3A1%2C2%3A1%2C4%3A1",
      "domain": ".salesforce.com",
      "path": "/",
      "expires": 1733171515,
      "httpOnly": false,
      "secure": false,
      "sameSite": "Lax"
    },
    {
      "name": "_gid",
      "value": "GA1.2.1310846193.1701635516",
      "domain": ".salesforce.com",
      "path": "/",
      "expires": 1701721916,
      "httpOnly": false,
      "secure": false,
      "sameSite": "Lax"
    },
    {
      "name": "inst",
      "value": "APP_5g",
      "domain": ".salesforce.com",
      "path": "/",
      "expires": -1,
      "httpOnly": false,
      "secure": true,
      "sameSite": "None"
    },
    {
      "name": "rememberUn",
      "value": "false",
      "domain": ".salesforce.com",
      "path": "/",
      "expires": 1706819516.024576,
      "httpOnly": false,
      "secure": true,
      "sameSite": "None"
    },
    {
      "name": "com.salesforce.LocaleInfo",
      "value": "us",
      "domain": ".salesforce.com",
      "path": "/",
      "expires": 1706819516.0246,
      "httpOnly": false,
      "secure": true,
      "sameSite": "None"
    },
    {
      "name": "oinfo",
      "value": "c3RhdHVzPUZSRUUmdHlwZT0zJm9pZD0wMEQ1ZzAwMDAwN29SclU=",
      "domain": ".salesforce.com",
      "path": "/",
      "expires": 1706819516.024632,
      "httpOnly": false,
      "secure": true,
      "sameSite": "None"
    },
    {
      "name": "_ga_ESNS60PH6F",
      "value": "GS1.1.1701635516.1.0.1701635516.0.0.0",
      "domain": ".salesforce.com",
      "path": "/",
      "expires": 1736195516.039373,
      "httpOnly": false,
      "secure": false,
      "sameSite": "Lax"
    },
    {
      "name": "_ga",
      "value": "GA1.1.1518473200.1701635516",
      "domain": ".salesforce.com",
      "path": "/",
      "expires": 1736195516.208834,
      "httpOnly": false,
      "secure": false,
      "sameSite": "Lax"
    },
    {
      "name": "_dc_gtm_UA-140200881-1",
      "value": "1",
      "domain": ".salesforce.com",
      "path": "/",
      "expires": 1701635576,
      "httpOnly": false,
      "secure": false,
      "sameSite": "Lax"
    },
    {
      "name": "_ga_S6WMKB0ZK3",
      "value": "GS1.1.1701635516.1.0.1701635516.0.0.0",
      "domain": ".salesforce.com",
      "path": "/",
      "expires": 1736195516.208502,
      "httpOnly": false,
      "secure": false,
      "sameSite": "Lax"
    },
    {
      "name": "CookieConsentPolicy",
      "value": "0:1",
      "domain": "qeagle-dev-ed.my.salesforce.com",
      "path": "/",
      "expires": 1733171516.768464,
      "httpOnly": false,
      "secure": false,
      "sameSite": "Lax"
    },
    {
      "name": "LSKey-c$CookieConsentPolicy",
      "value": "0:1",
      "domain": "qeagle-dev-ed.my.salesforce.com",
      "path": "/",
      "expires": 1733171516.76877,
      "httpOnly": false,
      "secure": false,
      "sameSite": "Lax"
    },
    {
      "name": "sfdc_lv2",
      "value": "KxG83H38U5l+ER0f90aMRyIdgj/QhqWTLEyTX9xXOM+Hacfhg2XVgHCTdLHxtn3SA=",
      "domain": ".salesforce.com",
      "path": "/",
      "expires": 1733171516.76897,
      "httpOnly": false,
      "secure": true,
      "sameSite": "None"
    },
    {
      "name": "disco",
      "value": "5g:00D5g000007oRrU:0055g00000B238K:1",
      "domain": ".salesforce.com",
      "path": "/",
      "expires": -1,
      "httpOnly": false,
      "secure": true,
      "sameSite": "None"
    },
    {
      "name": "autocomplete",
      "value": "1",
      "domain": ".salesforce.com",
      "path": "/",
      "expires": 1706819516.769209,
      "httpOnly": false,
      "secure": true,
      "sameSite": "None"
    },
    {
      "name": "sid",
      "value": "00D5g000007oRrU!AQkAQK4pzdGSF4.CADfVjegC6lIyFPGojeV1LayzkqBc.CSfdlQE2kt1QmuVNDqfvsMeRxAbtSH4uAsNKanqd4fp6sqIrFiC",
      "domain": "qeagle-dev-ed.my.salesforce.com",
      "path": "/",
      "expires": -1,
      "httpOnly": false,
      "secure": true,
      "sameSite": "None"
    },
    {
      "name": "sid_Client",
      "value": "g00000B238Kg000007oRrU",
      "domain": "qeagle-dev-ed.my.salesforce.com",
      "path": "/",
      "expires": -1,
      "httpOnly": false,
      "secure": true,
      "sameSite": "None"
    },
    {
      "name": "clientSrc",
      "value": "49.205.240.255",
      "domain": "qeagle-dev-ed.my.salesforce.com",
      "path": "/",
      "expires": -1,
      "httpOnly": false,
      "secure": true,
      "sameSite": "None"
    },
    {
      "name": "oid",
      "value": "00D5g000007oRrU",
      "domain": "qeagle-dev-ed.my.salesforce.com",
      "path": "/",
      "expires": 1733171516.769669,
      "httpOnly": false,
      "secure": true,
      "sameSite": "None"
    },
    {
      "name": "CookieConsentPolicy",
      "value": "0:1",
      "domain": "qeagle-dev-ed.file.force.com",
      "path": "/",
      "expires": 1733171517.536655,
      "httpOnly": false,
      "secure": false,
      "sameSite": "Lax"
    },
    {
      "name": "LSKey-c$CookieConsentPolicy",
      "value": "0:1",
      "domain": "qeagle-dev-ed.file.force.com",
      "path": "/",
      "expires": 1733171517.536893,
      "httpOnly": false,
      "secure": false,
      "sameSite": "Lax"
    },
    {
      "name": "BrowserId",
      "value": "AQorX5IbEe6qvxOSM9OX7g",
      "domain": ".force.com",
      "path": "/",
      "expires": 1733171517.536938,
      "httpOnly": false,
      "secure": false,
      "sameSite": "Lax"
    },
    {
      "name": "BrowserId_sec",
      "value": "AQorX5IbEe6qvxOSM9OX7g",
      "domain": ".force.com",
      "path": "/",
      "expires": 1733171517.536979,
      "httpOnly": false,
      "secure": true,
      "sameSite": "None"
    },
    {
      "name": "sid",
      "value": "00D5g000007oRrU!AQkAQLF49QPSWILh8UQt7.Z8Rgp1tceyAY5Uvvj9ab5TXOOyfI5WqOn4pYPEgoDKG70ApCuNsHxVnbzIyVi_nmVp0QVcMHiX",
      "domain": "qeagle-dev-ed.file.force.com",
      "path": "/",
      "expires": -1,
      "httpOnly": false,
      "secure": true,
      "sameSite": "None"
    },
    {
      "name": "sid_Client",
      "value": "g00000B238Kg000007oRrU",
      "domain": "qeagle-dev-ed.file.force.com",
      "path": "/",
      "expires": -1,
      "httpOnly": false,
      "secure": true,
      "sameSite": "None"
    },
    {
      "name": "clientSrc",
      "value": "49.205.240.255",
      "domain": "qeagle-dev-ed.file.force.com",
      "path": "/",
      "expires": -1,
      "httpOnly": false,
      "secure": true,
      "sameSite": "None"
    },
    {
      "name": "inst",
      "value": "APP_5g",
      "domain": ".force.com",
      "path": "/",
      "expires": -1,
      "httpOnly": false,
      "secure": true,
      "sameSite": "None"
    },
    {
      "name": "79eb100099b9a8bf",
      "value": "3:false:.salesforce.com",
      "domain": ".salesforce.com",
      "path": "/",
      "expires": -1,
      "httpOnly": false,
      "secure": true,
      "sameSite": "None"
    },
    {
      "name": "sfdc-stream",
      "value": "!+ZUqnXg9F6fXPiXmgeXuZVRgFd3qxX9/B2f2RV4KpDa0aTFblZSTFdYcj1XJfXs0mdB/jxFF2KPDoAs=",
      "domain": "qeagle-dev-ed.my.salesforce.com",
      "path": "/",
      "expires": 1701646318.001405,
      "httpOnly": false,
      "secure": true,
      "sameSite": "None"
    },
    {
      "name": "CookieConsentPolicy",
      "value": "0:1",
      "domain": "qeagle-dev-ed.lightning.force.com",
      "path": "/",
      "expires": 1733171518.685621,
      "httpOnly": false,
      "secure": false,
      "sameSite": "Lax"
    },
    {
      "name": "LSKey-c$CookieConsentPolicy",
      "value": "0:1",
      "domain": "qeagle-dev-ed.lightning.force.com",
      "path": "/",
      "expires": 1733171518.686563,
      "httpOnly": false,
      "secure": false,
      "sameSite": "Lax"
    },
    {
      "name": "sfdc-stream",
      "value": "!BvPEjBICXjTWvOZbt9Our1uX4ONx34kecn9sxp8KA9Od4UGUMoar8o1RJ2aCZzBU1gsATOUgNunsfUw=",
      "domain": "qeagle-dev-ed.lightning.force.com",
      "path": "/",
      "expires": 1701646318.686787,
      "httpOnly": false,
      "secure": true,
      "sameSite": "None"
    },
    {
      "name": "force-proxy-stream",
      "value": "!oM1alwd5nCmw6YTPgUnYpMSzqrvZ8LYYfZP90W/gfHFkOrl6WKsU6ucL+Hzb42LEl+kv2hMsoP1328Q=",
      "domain": "qeagle-dev-ed.lightning.force.com",
      "path": "/",
      "expires": 1701646318.687055,
      "httpOnly": false,
      "secure": true,
      "sameSite": "None"
    },
    {
      "name": "force-stream",
      "value": "!BvPEjBICXjTWvOZbt9Our1uX4ONx34kecn9sxp8KA9Od4UGUMoar8o1RJ2aCZzBU1gsATOUgNunsfUw=",
      "domain": "qeagle-dev-ed.lightning.force.com",
      "path": "/",
      "expires": 1701646318.687276,
      "httpOnly": false,
      "secure": true,
      "sameSite": "None"
    },
    {
      "name": "sid",
      "value": "00D5g000007oRrU!AQkAQDwariVSn8iR6PM31bMw02hecAYaMYzEFHrqrA.wNaI07vY6pm87I7y.qbgaYfuSd3DsKd6Trew_kmcwWiMEd3igav3d",
      "domain": "qeagle-dev-ed.lightning.force.com",
      "path": "/",
      "expires": -1,
      "httpOnly": false,
      "secure": true,
      "sameSite": "None"
    },
    {
      "name": "sid_Client",
      "value": "g00000B238Kg000007oRrU",
      "domain": "qeagle-dev-ed.lightning.force.com",
      "path": "/",
      "expires": -1,
      "httpOnly": false,
      "secure": true,
      "sameSite": "None"
    },
    {
      "name": "clientSrc",
      "value": "49.205.240.255",
      "domain": "qeagle-dev-ed.lightning.force.com",
      "path": "/",
      "expires": -1,
      "httpOnly": false,
      "secure": true,
      "sameSite": "None"
    }
  ],
  "origins": [
    {
      "origin": "https://c.salesforce.com",
      "localStorage": [
        {
          "name": "webactls",
          "value": "{\"chat\":0,\"kxsfdc\":{\"segs\":\"\"},\"l_cloud\":\"No Cloud\"}"
        }
      ]
    }
  ]
}